l,90,5,5,S
l1,95,5,0,S
l2,90,3,7,S
l3,90,3,7,S
l4,90,3,7,S
l5,90,3,7,S
pl,90,3,7,S
plsl,82,9,9,LS
sl,82,9,9,LS
sl1,82,9,9,LS
sl2,82,9,9,LS
sl3,82,9,9,LS
sl4,82,9,9,LS
tsl,80,14,6,LS
tsl1,80,14,6,LS
dk,90,3,7,S
ls,55,30,15,L
ls1,65,20,15,SL
ls2,55,30,15,L
ls3,50,15,35,CL
ls4,50,15,35,CL
ls5,50,15,35,CL
tls,35,50,15,SiL
tls1,40,45,15,L
tls2,35,50,15,SiL
tls3,30,40,30,SiCL
s,25,30,45,C
s1,25,30,45,C
s2,25,30,45,HC
th,25,25,50,HUMUS
th3,25,25,50,HUMUS
t,25,25,50,PEAT
t1,25,25,50,PEAT
t2,20,20,60,PEAT
t3,15,15,70,PEAT
ck,100,0,0,GRAVELS
d,100,0,0,GRAVELS
lu,100,0,0,GRAVELS
p,100,0,0,GRAVELS
pk,100,0,0,GRAVELS
kr,100,0,0,GRAVELS
kr1,100,0,0,GRAVELS
kr5,100,0,0,GRAVELS
k,100,0,0,GRAVELS
k1,100,0,0,GRAVELS
k2,100,0,0,GRAVELS
k3,100,0,0,GRAVELS
k4,100,0,0,GRAVELS
k5,100,0,0,GRAVELS
k_0,100,0,0,GRAVELS
kb,100,0,0,GRAVELS
kb1,100,0,0,GRAVELS
kb2,100,0,0,GRAVELS
kb3,100,0,0,GRAVELS
kb4,100,0,0,GRAVELS
kb5,100,0,0,GRAVELS
k⁰,100,0,0,GRAVELS
k°1,100,0,0,GRAVELS
k⁰1,100,0,0,GRAVELS
k⁰2,100,0,0,GRAVELS
k⁰3,100,0,0,GRAVELS
k⁰4,100,0,0,GRAVELS
k⁰5,100,0,0,GRAVELS
r,100,0,0,GRAVELS
r1,100,0,0,GRAVELS
r2,100,0,0,GRAVELS
r3,100,0,0,GRAVELS
r4,100,0,0,GRAVELS
r5,100,0,0,GRAVELS
r⁰,100,0,0,GRAVELS
r⁰1,100,0,0,GRAVELS
r⁰2,100,0,0,GRAVELS
r⁰3,100,0,0,GRAVELS
r⁰4,100,0,0,GRAVELS
r⁰5,100,0,0,GRAVELS
v,100,0,0,GRAVELS
v1,100,0,0,GRAVELS
v2,100,0,0,GRAVELS
v3,100,0,0,GRAVELS
v4,100,0,0,GRAVELS
v5,100,0,0,GRAVELS
v_0,100,0,0,GRAVELS
v⁰,100,0,0,GRAVELS
v°1,100,0,0,GRAVELS
v⁰1,100,0,0,GRAVELS
v⁰2,100,0,0,GRAVELS
v⁰3,100,0,0,GRAVELS
v⁰4,100,0,0,GRAVELS
v⁰5,100,0,0,GRAVELS
no_peenes,60,20,20,no_info
no_info,60,20,20,no_info
